{"stats":{"minecraft:used":{"minecraft:oak_fence":69,"minecraft:stone_sword":16,"minecraft:stone_shovel":662,"minecraft:chest":11,"minecraft:bell":2,"minecraft:oak_door":6,"minecraft:torch":5,"minecraft:brewing_stand":1,"minecraft:dirt":61,"minecraft:glass":6,"minecraft:wooden_axe":184,"minecraft:oak_stairs":8,"minecraft:furnace":5,"minecraft:potato":3,"minecraft:pumpkin":1,"minecraft:water_bucket":39,"minecraft:stone_pickaxe":454,"minecraft:oak_planks":216,"minecraft:wooden_pickaxe":82,"minecraft:stonecutter":1,"minecraft:cobblestone_slab":130,"minecraft:white_wool":3,"minecraft:crafting_table":6,"minecraft:white_bed":2,"minecraft:wooden_hoe":37,"minecraft:apple":1,"minecraft:chicken":2,"minecraft:bread":8,"minecraft:cobblestone":160,"minecraft:white_banner":1,"minecraft:cooked_porkchop":4,"minecraft:bucket":39,"minecraft:gray_wool":2},"minecraft:picked_up":{"minecraft:wooden_axe":1,"minecraft:crafting_table":4,"minecraft:azure_bluet":2,"minecraft:chicken":4,"minecraft:wooden_pickaxe":2,"minecraft:brewing_stand":1,"minecraft:string":2,"minecraft:beef":22,"minecraft:cobblestone_slab":9,"minecraft:poppy":25,"minecraft:wooden_shovel":1,"minecraft:light_gray_wool":3,"minecraft:sugar_cane":9,"minecraft:chest":3,"minecraft:furnace":3,"minecraft:raw_iron":32,"minecraft:stick":65,"minecraft:oak_fence":18,"minecraft:torch":1,"minecraft:porkchop":23,"minecraft:stone_sword":4,"minecraft:arrow":3,"minecraft:rotten_flesh":4,"minecraft:hay_block":26,"minecraft:mutton":38,"minecraft:white_wool":21,"minecraft:cobblestone":449,"minecraft:oxeye_daisy":2,"minecraft:birch_log":10,"minecraft:feather":5,"minecraft:leather":9,"minecraft:brown_wool":1,"minecraft:potato":11,"minecraft:oak_log":154,"minecraft:wooden_hoe":1,"minecraft:dirt":721,"minecraft:white_banner":3,"minecraft:bone":5,"minecraft:apple":3,"minecraft:stonecutter":1,"minecraft:wheat_seeds":27,"minecraft:rabbit_hide":1,"minecraft:bell":2,"minecraft:stone_pickaxe":5,"minecraft:rabbit":1,"minecraft:oak_planks":122,"minecraft:pumpkin":34,"minecraft:dandelion":8,"minecraft:sand":36,"minecraft:white_bed":1,"minecraft:crossbow":2,"minecraft:gray_wool":5,"minecraft:bread":24,"minecraft:oak_sapling":7,"minecraft:black_wool":1,"minecraft:coal":113,"minecraft:sunflower":8},"minecraft:broken":{"minecraft:wooden_pickaxe":1,"minecraft:stone_pickaxe":3,"minecraft:wooden_axe":4,"minecraft:stone_shovel":5},"minecraft:killed":{"minecraft:spider":1,"minecraft:skeleton":1,"minecraft:chicken":4,"minecraft:pig":11,"minecraft:rabbit":1,"minecraft:sheep":24,"minecraft:pillager":4,"minecraft:cow":13},"minecraft:killed_by":{"minecraft:pillager":4,"minecraft:drowned":1,"minecraft:zombie":1},"minecraft:mined":{"minecraft:white_bed":1,"minecraft:brewing_stand":1,"minecraft:grass_block":434,"minecraft:oxeye_daisy":2,"minecraft:hay_block":26,"minecraft:furnace":3,"minecraft:iron_ore":32,"minecraft:pumpkin":34,"minecraft:bell":2,"minecraft:cobblestone_slab":3,"minecraft:stone":392,"minecraft:white_wool":3,"minecraft:dandelion":8,"minecraft:powder_snow":76,"minecraft:crafting_table":3,"minecraft:oak_fence":18,"minecraft:torch":1,"minecraft:poppy":19,"minecraft:chest":3,"minecraft:cobblestone":15,"minecraft:tall_grass":7,"minecraft:oak_planks":22,"minecraft:sugar_cane":3,"minecraft:gray_wool":2,"minecraft:birch_log":10,"minecraft:grass":117,"minecraft:oak_log":154,"minecraft:coal_ore":83,"minecraft:sunflower":5,"minecraft:sand":36,"minecraft:dirt":286,"minecraft:stonecutter":1,"minecraft:oak_leaves":12},"minecraft:crafted":{"minecraft:oak_door":6,"minecraft:oak_planks":552,"minecraft:cobblestone_slab":132,"minecraft:stone_shovel":5,"minecraft:furnace":2,"minecraft:cooked_mutton":17,"minecraft:glass":11,"minecraft:stone_pickaxe":5,"minecraft:chest":8,"minecraft:oak_fence":51,"minecraft:wooden_shovel":2,"minecraft:cooked_porkchop":4,"minecraft:crafting_table":3,"minecraft:wooden_pickaxe":2,"minecraft:bucket":1,"minecraft:air":0,"minecraft:oak_boat":2,"minecraft:shield":1,"minecraft:stick":72,"minecraft:iron_ingot":32,"minecraft:oak_stairs":8,"minecraft:wooden_axe":4,"minecraft:stone_sword":2,"minecraft:white_bed":1,"minecraft:torch":4},"minecraft:dropped":{"minecraft:oak_planks":213,"minecraft:potato":8,"minecraft:cobblestone_slab":1,"minecraft:wooden_shovel":2},"minecraft:custom":{"minecraft:mob_kills":60,"minecraft:interact_with_crafting_table":32,"minecraft:leave_game":18,"minecraft:time_since_death":45449,"minecraft:sprint_one_cm":542273,"minecraft:walk_one_cm":940942,"minecraft:drop":8,"minecraft:talked_to_villager":2,"minecraft:play_time":263338,"minecraft:deaths":11,"minecraft:sneak_time":2235,"minecraft:walk_under_water_one_cm":18880,"minecraft:jump":3292,"minecraft:walk_on_water_one_cm":32809,"minecraft:total_world_time":263338,"minecraft:interact_with_furnace":32,"minecraft:interact_with_stonecutter":1,"minecraft:sleep_in_bed":11,"minecraft:time_since_rest":5123,"minecraft:damage_taken":3090,"minecraft:damage_dealt":5768,"minecraft:swim_one_cm":2075,"minecraft:fly_one_cm":542919,"minecraft:open_chest":62,"minecraft:crouch_one_cm":7030,"minecraft:fall_one_cm":76445}},"DataVersion":2975}