{"stats":{"minecraft:picked_up":{"minecraft:wooden_axe":1,"minecraft:crafting_table":4,"minecraft:azure_bluet":4,"minecraft:chicken":4,"minecraft:wooden_pickaxe":2,"minecraft:brewing_stand":1,"minecraft:amethyst_block":15,"minecraft:string":2,"minecraft:raw_copper":3,"minecraft:gold_nugget":24,"minecraft:cobbled_deepslate":1,"minecraft:beef":22,"minecraft:cobblestone_slab":9,"minecraft:poppy":39,"minecraft:wooden_shovel":1,"minecraft:light_gray_wool":3,"minecraft:sugar_cane":9,"minecraft:chest":3,"minecraft:furnace":3,"minecraft:stick":65,"minecraft:raw_iron":60,"minecraft:oak_fence":18,"minecraft:torch":1,"minecraft:porkchop":23,"minecraft:diorite":12,"minecraft:redstone":46,"minecraft:rotten_flesh":10,"minecraft:stone_sword":4,"minecraft:arrow":3,"minecraft:hay_block":26,"minecraft:mutton":38,"minecraft:white_wool":21,"minecraft:cobblestone":454,"minecraft:oxeye_daisy":2,"minecraft:birch_log":10,"minecraft:magma_block":27,"minecraft:feather":5,"minecraft:brown_wool":1,"minecraft:leather":9,"minecraft:potato":87,"minecraft:oak_log":154,"minecraft:wooden_hoe":1,"minecraft:dirt":1101,"minecraft:white_banner":3,"minecraft:bone":6,"minecraft:apple":3,"minecraft:stonecutter":1,"minecraft:wheat_seeds":32,"minecraft:stone_pickaxe":5,"minecraft:rabbit_hide":1,"minecraft:bell":2,"minecraft:rabbit":1,"minecraft:oak_planks":122,"minecraft:pumpkin":34,"minecraft:quartz":58,"minecraft:dandelion":22,"minecraft:sand":36,"minecraft:amethyst_shard":8,"minecraft:white_bed":1,"minecraft:diamond":17,"minecraft:crossbow":2,"minecraft:gray_wool":5,"minecraft:bread":24,"minecraft:oak_sapling":7,"minecraft:netherrack":57,"minecraft:black_wool":1,"minecraft:coal":113,"minecraft:sunflower":8},"minecraft:killed_by":{"minecraft:creeper":1,"minecraft:pillager":4,"minecraft:drowned":1,"minecraft:zombie":1},"minecraft:killed":{"minecraft:spider":1,"minecraft:skeleton":1,"minecraft:chicken":4,"minecraft:pig":11,"minecraft:rabbit":1,"minecraft:sheep":24,"minecraft:pillager":4,"minecraft:zombie":2,"minecraft:cow":13},"minecraft:mined":{"minecraft:nether_gold_ore":6,"minecraft:white_bed":1,"minecraft:brewing_stand":1,"minecraft:grass_block":717,"minecraft:oxeye_daisy":2,"minecraft:hay_block":26,"minecraft:magma_block":31,"minecraft:furnace":3,"minecraft:iron_ore":41,"minecraft:pumpkin":34,"minecraft:bell":2,"minecraft:potatoes":19,"minecraft:deepslate_iron_ore":19,"minecraft:cobblestone_slab":3,"minecraft:dirt_path":1,"minecraft:stone":397,"minecraft:white_wool":3,"minecraft:deepslate_redstone_ore":10,"minecraft:amethyst_cluster":2,"minecraft:dandelion":8,"minecraft:powder_snow":83,"minecraft:oak_fence":18,"minecraft:crafting_table":3,"minecraft:torch":1,"minecraft:poppy":19,"minecraft:chest":3,"minecraft:cobblestone":15,"minecraft:nether_quartz_ore":58,"minecraft:tall_grass":7,"minecraft:copper_ore":1,"minecraft:sugar_cane":3,"minecraft:oak_planks":22,"minecraft:diorite":14,"minecraft:amethyst_block":15,"minecraft:gray_wool":2,"minecraft:birch_log":10,"minecraft:grass":123,"minecraft:oak_log":154,"minecraft:coal_ore":83,"minecraft:sunflower":5,"minecraft:sand":36,"minecraft:dirt":399,"minecraft:stonecutter":1,"minecraft:netherrack":81,"minecraft:oak_leaves":12,"minecraft:deepslate":1},"minecraft:custom":{"minecraft:mob_kills":62,"minecraft:interact_with_crafting_table":43,"minecraft:leave_game":21,"minecraft:time_since_death":32972,"minecraft:sprint_one_cm":675160,"minecraft:walk_one_cm":1119794,"minecraft:damage_blocked_by_shield":20,"minecraft:drop":8,"minecraft:talked_to_villager":2,"minecraft:play_time":331879,"minecraft:deaths":12,"minecraft:sneak_time":2381,"minecraft:walk_under_water_one_cm":23715,"minecraft:jump":4183,"minecraft:interact_with_brewingstand":1,"minecraft:walk_on_water_one_cm":50556,"minecraft:total_world_time":331879,"minecraft:interact_with_furnace":50,"minecraft:interact_with_stonecutter":2,"minecraft:sleep_in_bed":13,"minecraft:time_since_rest":28704,"minecraft:damage_taken":3460,"minecraft:damage_dealt":6190,"minecraft:swim_one_cm":2075,"minecraft:fly_one_cm":675452,"minecraft:open_chest":128,"minecraft:crouch_one_cm":7507,"minecraft:fall_one_cm":89218},"minecraft:dropped":{"minecraft:oak_planks":213,"minecraft:cobblestone_slab":1,"minecraft:potato":8,"minecraft:wooden_shovel":2},"minecraft:used":{"minecraft:oak_fence":69,"minecraft:stone_sword":43,"minecraft:stone_shovel":1061,"minecraft:chest":11,"minecraft:shield":1,"minecraft:bell":2,"minecraft:netherrack":7,"minecraft:oak_door":6,"minecraft:torch":5,"minecraft:brewing_stand":1,"minecraft:dirt":61,"minecraft:glass":36,"minecraft:wooden_axe":184,"minecraft:oak_stairs":8,"minecraft:furnace":5,"minecraft:potato":26,"minecraft:pumpkin":1,"minecraft:water_bucket":42,"minecraft:stone_pickaxe":681,"minecraft:oak_planks":217,"minecraft:wooden_pickaxe":82,"minecraft:stonecutter":1,"minecraft:cobblestone_slab":130,"minecraft:white_wool":3,"minecraft:crafting_table":6,"minecraft:white_bed":2,"minecraft:wooden_hoe":37,"minecraft:apple":1,"minecraft:chicken":2,"minecraft:bread":12,"minecraft:iron_pickaxe":27,"minecraft:cobblestone":160,"minecraft:white_banner":1,"minecraft:cooked_porkchop":4,"minecraft:bucket":44,"minecraft:gray_wool":2},"minecraft:broken":{"minecraft:wooden_pickaxe":1,"minecraft:stone_pickaxe":4,"minecraft:wooden_axe":4,"minecraft:stone_shovel":8},"minecraft:crafted":{"minecraft:oak_door":6,"minecraft:oak_planks":552,"minecraft:cobblestone_slab":132,"minecraft:stone_shovel":15,"minecraft:furnace":2,"minecraft:cooked_mutton":34,"minecraft:glass":36,"minecraft:stone_pickaxe":6,"minecraft:chest":8,"minecraft:oak_fence":51,"minecraft:wooden_shovel":2,"minecraft:cooked_porkchop":4,"minecraft:crafting_table":4,"minecraft:wooden_pickaxe":2,"minecraft:copper_ingot":4,"minecraft:bucket":2,"minecraft:air":0,"minecraft:oak_boat":2,"minecraft:shield":1,"minecraft:stick":76,"minecraft:iron_ingot":32,"minecraft:iron_pickaxe":1,"minecraft:oak_stairs":8,"minecraft:wooden_axe":4,"minecraft:stone_sword":3,"minecraft:gold_ingot":15,"minecraft:white_bed":1,"minecraft:torch":4}},"DataVersion":2975}