{"stats":{"minecraft:used":{"minecraft:oak_fence":69,"minecraft:stone_sword":16,"minecraft:stone_pickaxe":454,"minecraft:stone_shovel":662,"minecraft:oak_planks":216,"minecraft:chest":11,"minecraft:wooden_pickaxe":82,"minecraft:cobblestone_slab":130,"minecraft:stonecutter":1,"minecraft:bell":2,"minecraft:oak_door":6,"minecraft:white_wool":3,"minecraft:torch":5,"minecraft:brewing_stand":1,"minecraft:dirt":61,"minecraft:crafting_table":6,"minecraft:white_bed":2,"minecraft:wooden_axe":184,"minecraft:apple":1,"minecraft:chicken":2,"minecraft:oak_stairs":8,"minecraft:bread":7,"minecraft:cobblestone":160,"minecraft:white_banner":1,"minecraft:furnace":5,"minecraft:cooked_porkchop":4,"minecraft:gray_wool":2,"minecraft:pumpkin":1},"minecraft:picked_up":{"minecraft:wooden_axe":1,"minecraft:birch_log":10,"minecraft:crafting_table":4,"minecraft:azure_bluet":2,"minecraft:feather":5,"minecraft:chicken":4,"minecraft:brown_wool":1,"minecraft:leather":9,"minecraft:wooden_pickaxe":2,"minecraft:potato":8,"minecraft:oak_log":154,"minecraft:brewing_stand":1,"minecraft:string":2,"minecraft:dirt":717,"minecraft:white_banner":3,"minecraft:bone":5,"minecraft:apple":3,"minecraft:stonecutter":1,"minecraft:wheat_seeds":26,"minecraft:bell":2,"minecraft:rabbit_hide":1,"minecraft:beef":22,"minecraft:stone_pickaxe":5,"minecraft:cobblestone_slab":9,"minecraft:poppy":25,"minecraft:light_gray_wool":3,"minecraft:rabbit":1,"minecraft:chest":3,"minecraft:oak_planks":122,"minecraft:furnace":3,"minecraft:stick":65,"minecraft:raw_iron":32,"minecraft:pumpkin":34,"minecraft:oak_fence":18,"minecraft:torch":1,"minecraft:dandelion":8,"minecraft:porkchop":23,"minecraft:white_bed":1,"minecraft:stone_sword":4,"minecraft:arrow":3,"minecraft:rotten_flesh":4,"minecraft:hay_block":26,"minecraft:crossbow":2,"minecraft:gray_wool":5,"minecraft:bread":24,"minecraft:oak_sapling":7,"minecraft:black_wool":1,"minecraft:mutton":38,"minecraft:coal":113,"minecraft:sunflower":8,"minecraft:white_wool":21,"minecraft:cobblestone":449,"minecraft:oxeye_daisy":2},"minecraft:broken":{"minecraft:stone_pickaxe":3,"minecraft:wooden_axe":4,"minecraft:stone_shovel":5,"minecraft:wooden_pickaxe":1},"minecraft:killed":{"minecraft:pig":11,"minecraft:rabbit":1,"minecraft:spider":1,"minecraft:skeleton":1,"minecraft:sheep":24,"minecraft:pillager":4,"minecraft:chicken":4,"minecraft:cow":13},"minecraft:killed_by":{"minecraft:zombie":1,"minecraft:pillager":4,"minecraft:drowned":1},"minecraft:mined":{"minecraft:white_bed":1,"minecraft:dandelion":8,"minecraft:powder_snow":76,"minecraft:brewing_stand":1,"minecraft:oak_fence":18,"minecraft:crafting_table":3,"minecraft:torch":1,"minecraft:grass_block":430,"minecraft:poppy":19,"minecraft:chest":3,"minecraft:tall_grass":7,"minecraft:cobblestone":15,"minecraft:oak_planks":22,"minecraft:oxeye_daisy":2,"minecraft:hay_block":26,"minecraft:gray_wool":2,"minecraft:furnace":3,"minecraft:birch_log":10,"minecraft:iron_ore":32,"minecraft:pumpkin":34,"minecraft:bell":2,"minecraft:grass":117,"minecraft:coal_ore":83,"minecraft:oak_log":154,"minecraft:cobblestone_slab":3,"minecraft:sunflower":5,"minecraft:dirt":286,"minecraft:stone":392,"minecraft:stonecutter":1,"minecraft:white_wool":3,"minecraft:oak_leaves":12},"minecraft:crafted":{"minecraft:oak_door":6,"minecraft:oak_planks":552,"minecraft:cobblestone_slab":132,"minecraft:stone_shovel":5,"minecraft:cooked_porkchop":4,"minecraft:crafting_table":3,"minecraft:wooden_pickaxe":2,"minecraft:furnace":2,"minecraft:air":0,"minecraft:stick":68,"minecraft:iron_ingot":32,"minecraft:wooden_axe":4,"minecraft:stone_pickaxe":5,"minecraft:oak_stairs":8,"minecraft:stone_sword":2,"minecraft:chest":8,"minecraft:white_bed":1,"minecraft:torch":4,"minecraft:oak_fence":51},"minecraft:dropped":{"minecraft:oak_planks":213,"minecraft:cobblestone_slab":1,"minecraft:potato":8},"minecraft:custom":{"minecraft:interact_with_furnace":23,"minecraft:mob_kills":60,"minecraft:interact_with_crafting_table":27,"minecraft:interact_with_stonecutter":1,"minecraft:leave_game":18,"minecraft:time_since_death":27449,"minecraft:sleep_in_bed":9,"minecraft:time_since_rest":678,"minecraft:damage_taken":3050,"minecraft:sprint_one_cm":514325,"minecraft:walk_one_cm":897026,"minecraft:drop":6,"minecraft:damage_dealt":5768,"minecraft:swim_one_cm":263,"minecraft:talked_to_villager":2,"minecraft:fly_one_cm":513983,"minecraft:open_chest":54,"minecraft:crouch_one_cm":7008,"minecraft:play_time":245338,"minecraft:sneak_time":2232,"minecraft:deaths":11,"minecraft:walk_under_water_one_cm":11164,"minecraft:jump":3099,"minecraft:walk_on_water_one_cm":23026,"minecraft:total_world_time":245338,"minecraft:fall_one_cm":72837}},"DataVersion":2975}