{"stats":{"minecraft:picked_up":{"minecraft:birch_log":4,"minecraft:crafting_table":1,"minecraft:raw_iron":5,"minecraft:feather":1,"minecraft:chicken":1,"minecraft:salmon":1,"minecraft:pumpkin":13,"minecraft:andesite":4,"minecraft:oak_fence":2,"minecraft:leather":5,"minecraft:torch":13,"minecraft:lead":2,"minecraft:gravel":1,"minecraft:flint":1,"minecraft:porkchop":14,"minecraft:oak_log":12,"minecraft:diorite":12,"minecraft:dirt":66,"minecraft:raw_copper":71,"minecraft:wheat_seeds":6,"minecraft:beef":2,"minecraft:light_gray_wool":1,"minecraft:oak_planks":1,"minecraft:mutton":3,"minecraft:coal":22,"minecraft:rail":12,"minecraft:white_wool":1,"minecraft:cobblestone":25},"minecraft:used":{"minecraft:stone_pickaxe":189,"minecraft:wooden_pickaxe":46,"minecraft:gravel":1,"minecraft:salmon":1,"minecraft:dirt":28,"minecraft:crafting_table":1,"minecraft:cooked_porkchop":2,"minecraft:pumpkin":1},"minecraft:crafted":{"minecraft:oak_planks":12,"minecraft:cooked_porkchop":7,"minecraft:crafting_table":1,"minecraft:stick":8,"minecraft:stone_pickaxe":2},"minecraft:killed":{"minecraft:sheep":2,"minecraft:horse":2,"minecraft:pig":3,"minecraft:chicken":1,"minecraft:wandering_trader":1,"minecraft:cow":1},"minecraft:broken":{"minecraft:stone_pickaxe":1,"minecraft:wooden_pickaxe":1},"minecraft:mined":{"minecraft:iron_ore":5,"minecraft:birch_log":5,"minecraft:andesite":4,"minecraft:birch_leaves":2,"minecraft:pumpkin":13,"minecraft:torch":13,"minecraft:oak_fence":2,"minecraft:crafting_table":1,"minecraft:glow_lichen":3,"minecraft:grass":77,"minecraft:coal_ore":22,"minecraft:grass_block":36,"minecraft:oak_log":12,"minecraft:rail":11,"minecraft:gravel":2,"minecraft:dirt":35,"minecraft:tall_grass":8,"minecraft:copper_ore":21,"minecraft:stone":28,"minecraft:oak_planks":1,"minecraft:wall_torch":2,"minecraft:diorite":12,"minecraft:oak_leaves":3},"minecraft:dropped":{"minecraft:porkchop":7,"minecraft:lead":2},"minecraft:custom":{"minecraft:time_since_rest":3476,"minecraft:interact_with_furnace":3,"minecraft:sprint_one_cm":1383,"minecraft:damage_taken":985,"minecraft:walk_one_cm":391775,"minecraft:mob_kills":10,"minecraft:drop":2,"minecraft:damage_dealt":1906,"minecraft:swim_one_cm":2051,"minecraft:interact_with_crafting_table":6,"minecraft:fly_one_cm":10852,"minecraft:open_chest":3,"minecraft:play_time":79273,"minecraft:deaths":3,"minecraft:walk_under_water_one_cm":25339,"minecraft:jump":1526,"minecraft:leave_game":1,"minecraft:walk_on_water_one_cm":32131,"minecraft:time_since_death":3456,"minecraft:sleep_in_bed":1,"minecraft:total_world_time":79273,"minecraft:fall_one_cm":37598}},"DataVersion":2975}