{"stats":{"minecraft:used":{"minecraft:stone_sword":130,"minecraft:stone_shovel":791,"minecraft:chest":4,"minecraft:spruce_planks":34,"minecraft:shield":47,"minecraft:iron_sword":148,"minecraft:cooked_chicken":2,"minecraft:oak_door":4,"minecraft:torch":70,"minecraft:brewing_stand":1,"minecraft:dirt":613,"minecraft:white_carpet":6,"minecraft:yellow_carpet":7,"minecraft:spruce_boat":1,"minecraft:oak_stairs":32,"minecraft:bow":6,"minecraft:furnace":4,"minecraft:egg":1,"minecraft:cooked_beef":12,"minecraft:pumpkin":1,"minecraft:cooked_mutton":5,"minecraft:diorite":9,"minecraft:oak_planks":128,"minecraft:stone_pickaxe":913,"minecraft:cartography_table":3,"minecraft:wooden_pickaxe":4,"minecraft:stonecutter":2,"minecraft:crafting_table":8,"minecraft:white_bed":6,"minecraft:oak_log":5,"minecraft:apple":2,"minecraft:bread":66,"minecraft:map":1,"minecraft:stone_axe":190,"minecraft:cobblestone":95,"minecraft:white_banner":2,"minecraft:cooked_porkchop":8,"minecraft:smithing_table":1,"minecraft:andesite":2,"minecraft:dandelion":2},"minecraft:picked_up":{"minecraft:crafting_table":15,"minecraft:iron_chestplate":4,"minecraft:wheat":139,"minecraft:chicken":2,"minecraft:smithing_table":1,"minecraft:oak_stairs":4,"minecraft:shield":3,"minecraft:string":22,"minecraft:raw_copper":4,"minecraft:iron_leggings":3,"minecraft:white_carpet":14,"minecraft:cartography_table":2,"minecraft:spruce_planks":4,"minecraft:beef":13,"minecraft:chest":2,"minecraft:furnace":3,"minecraft:iron_boots":6,"minecraft:egg":1,"minecraft:stick":5,"minecraft:raw_iron":17,"minecraft:oak_door":2,"minecraft:torch":6,"minecraft:porkchop":7,"minecraft:diorite":9,"minecraft:stone_sword":1,"minecraft:arrow":7,"minecraft:rotten_flesh":21,"minecraft:stone_shovel":1,"minecraft:shears":3,"minecraft:hay_block":41,"minecraft:saddle":1,"minecraft:mutton":7,"minecraft:white_wool":4,"minecraft:cobblestone":1293,"minecraft:feather":1,"minecraft:andesite":2,"minecraft:brown_wool":1,"minecraft:leather":50,"minecraft:filled_map":2,"minecraft:flint":5,"minecraft:oak_log":70,"minecraft:map":4,"minecraft:dirt":988,"minecraft:white_banner":10,"minecraft:glass":54,"minecraft:bone":42,"minecraft:apple":2,"minecraft:stonecutter":1,"minecraft:bow":5,"minecraft:wheat_seeds":76,"minecraft:stone_pickaxe":3,"minecraft:iron_ingot":5,"minecraft:stone_hoe":1,"minecraft:iron_sword":3,"minecraft:oak_planks":30,"minecraft:pumpkin":1,"minecraft:dandelion":6,"minecraft:gravel":32,"minecraft:spruce_sapling":2,"minecraft:white_bed":6,"minecraft:spruce_log":18,"minecraft:spider_eye":20,"minecraft:yellow_carpet":15,"minecraft:spruce_boat":1,"minecraft:stone_axe":3,"minecraft:iron_helmet":3,"minecraft:granite":16,"minecraft:crossbow":3,"minecraft:emerald":1,"minecraft:bread":163,"minecraft:oak_sapling":9,"minecraft:black_wool":1,"minecraft:coal":122,"minecraft:hopper":3},"minecraft:broken":{"minecraft:stone_sword":1,"minecraft:stone_pickaxe":6,"minecraft:stone_axe":1,"minecraft:stone_shovel":7},"minecraft:killed":{"minecraft:spider":7,"minecraft:vindicator":2,"minecraft:skeleton":8,"minecraft:chicken":2,"minecraft:drowned":1,"minecraft:pig":3,"minecraft:sheep":6,"minecraft:pillager":21,"minecraft:zombie":10,"minecraft:cow":6},"minecraft:killed_by":{"minecraft:stray":1,"minecraft:ravager":2,"minecraft:vindicator":2},"minecraft:mined":{"minecraft:spruce_planks":4,"minecraft:white_bed":6,"minecraft:oak_door":2,"minecraft:granite":2,"minecraft:grass_block":629,"minecraft:yellow_carpet":9,"minecraft:spruce_leaves":5,"minecraft:cartography_table":2,"minecraft:hay_block":42,"minecraft:furnace":3,"minecraft:iron_ore":20,"minecraft:pumpkin":1,"minecraft:oak_stairs":4,"minecraft:packed_ice":2,"minecraft:stone":757,"minecraft:smithing_table":1,"minecraft:powder_snow":22,"minecraft:crafting_table":8,"minecraft:chest":2,"minecraft:tall_grass":5,"minecraft:cobblestone":56,"minecraft:oak_planks":30,"minecraft:diorite":8,"minecraft:wall_torch":5,"minecraft:wheat":1,"minecraft:white_carpet":8,"minecraft:spruce_log":20,"minecraft:grass":78,"minecraft:oak_log":70,"minecraft:coal_ore":58,"minecraft:gravel":40,"minecraft:dirt":253,"minecraft:stonecutter":1,"minecraft:oak_leaves":16},"minecraft:crafted":{"minecraft:oak_door":3,"minecraft:oak_planks":260,"minecraft:stone_shovel":6,"minecraft:cooked_chicken":3,"minecraft:furnace":1,"minecraft:cooked_mutton":7,"minecraft:iron_boots":1,"minecraft:stone_pickaxe":7,"minecraft:chest":2,"minecraft:spruce_boat":1,"minecraft:wheat":369,"minecraft:cooked_beef":16,"minecraft:cooked_cod":2,"minecraft:cooked_porkchop":8,"minecraft:crafting_table":1,"minecraft:spruce_planks":72,"minecraft:wooden_pickaxe":1,"minecraft:iron_helmet":1,"minecraft:iron_sword":1,"minecraft:stone_axe":2,"minecraft:bread":108,"minecraft:air":0,"minecraft:iron_chestplate":1,"minecraft:shield":1,"minecraft:stick":64,"minecraft:iron_ingot":5,"minecraft:oak_stairs":68,"minecraft:stone_sword":1,"minecraft:iron_leggings":1,"minecraft:white_bed":1,"minecraft:torch":64},"minecraft:dropped":{"minecraft:wheat_seeds":2,"minecraft:cooked_beef":4,"minecraft:cobblestone":708,"minecraft:saddle":1,"minecraft:flint":4,"minecraft:white_wool":1,"minecraft:gravel":28,"minecraft:cooked_chicken":1,"minecraft:stone_sword":1,"minecraft:raw_copper":3,"minecraft:rotten_flesh":8,"minecraft:cooked_mutton":2,"minecraft:white_bed":1,"minecraft:filled_map":1,"minecraft:iron_chestplate":1,"minecraft:bow":1,"minecraft:arrow":2,"minecraft:stone_pickaxe":1},"minecraft:custom":{"minecraft:interact_with_smithing_table":3,"minecraft:interact_with_anvil":1,"minecraft:mob_kills":67,"minecraft:inspect_hopper":1,"minecraft:interact_with_crafting_table":36,"minecraft:leave_game":7,"minecraft:time_since_death":2459,"minecraft:sprint_one_cm":1159421,"minecraft:walk_one_cm":1237017,"minecraft:damage_blocked_by_shield":2160,"minecraft:drop":45,"minecraft:raid_win":1,"minecraft:play_time":374083,"minecraft:sneak_time":8159,"minecraft:deaths":5,"minecraft:walk_under_water_one_cm":19541,"minecraft:boat_one_cm":38449,"minecraft:jump":7542,"minecraft:walk_on_water_one_cm":19800,"minecraft:total_world_time":374083,"minecraft:interact_with_furnace":51,"minecraft:interact_with_cartography_table":4,"minecraft:raid_trigger":1,"minecraft:sleep_in_bed":18,"minecraft:time_since_rest":2486,"minecraft:damage_taken":4577,"minecraft:damage_dealt":12599,"minecraft:swim_one_cm":35208,"minecraft:fly_one_cm":1491350,"minecraft:open_chest":74,"minecraft:crouch_one_cm":37204,"minecraft:fall_one_cm":207635}},"DataVersion":2975}