{"stats":{"minecraft:used":{"minecraft:stone_sword":130,"minecraft:stone_shovel":791,"minecraft:chest":4,"minecraft:spruce_planks":34,"minecraft:shield":47,"minecraft:iron_sword":219,"minecraft:cooked_chicken":2,"minecraft:oak_door":4,"minecraft:torch":70,"minecraft:brewing_stand":1,"minecraft:dirt":655,"minecraft:white_carpet":6,"minecraft:yellow_carpet":7,"minecraft:spruce_boat":1,"minecraft:iron_axe":4,"minecraft:oak_stairs":32,"minecraft:bow":6,"minecraft:furnace":4,"minecraft:egg":1,"minecraft:cooked_beef":12,"minecraft:pumpkin":1,"minecraft:cooked_mutton":5,"minecraft:water_bucket":4,"minecraft:diorite":9,"minecraft:oak_planks":128,"minecraft:stone_pickaxe":913,"minecraft:cartography_table":3,"minecraft:wooden_pickaxe":4,"minecraft:stonecutter":2,"minecraft:crafting_table":8,"minecraft:white_bed":6,"minecraft:oak_log":5,"minecraft:apple":2,"minecraft:bread":76,"minecraft:map":1,"minecraft:stone_axe":190,"minecraft:cobblestone":95,"minecraft:white_banner":11,"minecraft:cooked_porkchop":8,"minecraft:smithing_table":1,"minecraft:bucket":5,"minecraft:andesite":2,"minecraft:dandelion":2},"minecraft:picked_up":{"minecraft:crafting_table":20,"minecraft:iron_chestplate":6,"minecraft:wheat":141,"minecraft:chicken":2,"minecraft:smithing_table":1,"minecraft:oak_stairs":4,"minecraft:shield":5,"minecraft:string":22,"minecraft:raw_copper":4,"minecraft:iron_axe":1,"minecraft:iron_leggings":5,"minecraft:white_carpet":18,"minecraft:cartography_table":2,"minecraft:spruce_planks":4,"minecraft:beef":13,"minecraft:chest":2,"minecraft:furnace":3,"minecraft:iron_boots":10,"minecraft:egg":1,"minecraft:stick":5,"minecraft:raw_iron":17,"minecraft:oak_door":2,"minecraft:torch":8,"minecraft:porkchop":8,"minecraft:diorite":9,"minecraft:stone_sword":1,"minecraft:arrow":9,"minecraft:rotten_flesh":27,"minecraft:stone_shovel":1,"minecraft:shears":3,"minecraft:hay_block":41,"minecraft:saddle":3,"minecraft:mutton":7,"minecraft:white_wool":4,"minecraft:cobblestone":1323,"minecraft:feather":1,"minecraft:andesite":2,"minecraft:brown_wool":1,"minecraft:leather":80,"minecraft:filled_map":2,"minecraft:flint":5,"minecraft:oak_log":70,"minecraft:map":4,"minecraft:dirt":1008,"minecraft:white_banner":16,"minecraft:glass":90,"minecraft:bone":60,"minecraft:apple":2,"minecraft:bow":7,"minecraft:stonecutter":1,"minecraft:wheat_seeds":118,"minecraft:stone_pickaxe":3,"minecraft:iron_ingot":5,"minecraft:stone_hoe":1,"minecraft:iron_sword":5,"minecraft:oak_planks":30,"minecraft:pumpkin":1,"minecraft:dandelion":8,"minecraft:gravel":34,"minecraft:spruce_sapling":4,"minecraft:white_bed":6,"minecraft:spruce_log":18,"minecraft:spider_eye":30,"minecraft:yellow_carpet":19,"minecraft:spruce_boat":1,"minecraft:stone_axe":3,"minecraft:iron_helmet":5,"minecraft:crossbow":3,"minecraft:granite":24,"minecraft:emerald":1,"minecraft:bread":291,"minecraft:oak_sapling":18,"minecraft:black_wool":1,"minecraft:coal":160,"minecraft:hopper":5},"minecraft:broken":{"minecraft:stone_sword":1,"minecraft:stone_pickaxe":6,"minecraft:stone_axe":1,"minecraft:stone_shovel":7},"minecraft:killed":{"minecraft:spider":7,"minecraft:vindicator":4,"minecraft:skeleton":8,"minecraft:chicken":2,"minecraft:drowned":1,"minecraft:pig":4,"minecraft:sheep":6,"minecraft:pillager":22,"minecraft:zombie":11,"minecraft:cow":6},"minecraft:killed_by":{"minecraft:stray":1,"minecraft:ravager":3,"minecraft:vindicator":3},"minecraft:mined":{"minecraft:spruce_planks":4,"minecraft:white_bed":6,"minecraft:oak_door":2,"minecraft:granite":2,"minecraft:grass_block":630,"minecraft:yellow_carpet":9,"minecraft:spruce_leaves":5,"minecraft:cartography_table":2,"minecraft:hay_block":42,"minecraft:furnace":3,"minecraft:carrots":1,"minecraft:iron_ore":20,"minecraft:pumpkin":1,"minecraft:oak_stairs":4,"minecraft:packed_ice":2,"minecraft:stone":757,"minecraft:smithing_table":1,"minecraft:powder_snow":22,"minecraft:crafting_table":8,"minecraft:torch":2,"minecraft:chest":2,"minecraft:tall_grass":18,"minecraft:cobblestone":56,"minecraft:oak_planks":30,"minecraft:diorite":8,"minecraft:wall_torch":5,"minecraft:wheat":1,"minecraft:white_carpet":8,"minecraft:spruce_log":20,"minecraft:white_wall_banner":1,"minecraft:grass":111,"minecraft:oak_log":70,"minecraft:coal_ore":58,"minecraft:gravel":40,"minecraft:dirt":258,"minecraft:stonecutter":1,"minecraft:oak_leaves":16},"minecraft:crafted":{"minecraft:oak_door":3,"minecraft:oak_planks":260,"minecraft:stone_shovel":6,"minecraft:cooked_chicken":3,"minecraft:furnace":1,"minecraft:cooked_mutton":7,"minecraft:iron_boots":1,"minecraft:stone_pickaxe":7,"minecraft:chest":2,"minecraft:spruce_boat":1,"minecraft:wheat":369,"minecraft:cooked_beef":16,"minecraft:cooked_cod":2,"minecraft:cooked_porkchop":8,"minecraft:crafting_table":1,"minecraft:spruce_planks":72,"minecraft:wooden_pickaxe":1,"minecraft:iron_helmet":1,"minecraft:iron_sword":1,"minecraft:bucket":1,"minecraft:stone_axe":2,"minecraft:bread":123,"minecraft:air":0,"minecraft:iron_chestplate":1,"minecraft:shield":1,"minecraft:stick":64,"minecraft:iron_ingot":5,"minecraft:oak_stairs":68,"minecraft:stone_sword":1,"minecraft:iron_leggings":1,"minecraft:white_bed":1,"minecraft:torch":64},"minecraft:dropped":{"minecraft:water_bucket":1,"minecraft:wheat_seeds":21,"minecraft:cooked_beef":4,"minecraft:crafting_table":1,"minecraft:cobblestone":723,"minecraft:granite":4,"minecraft:saddle":2,"minecraft:flint":4,"minecraft:white_wool":1,"minecraft:spruce_sapling":2,"minecraft:dandelion":1,"minecraft:bone":9,"minecraft:gravel":29,"minecraft:cooked_chicken":1,"minecraft:stone_sword":1,"minecraft:raw_copper":3,"minecraft:wheat":1,"minecraft:rotten_flesh":11,"minecraft:iron_boots":1,"minecraft:cooked_mutton":2,"minecraft:white_bed":1,"minecraft:filled_map":1,"minecraft:iron_chestplate":1,"minecraft:hopper":1,"minecraft:oak_sapling":9,"minecraft:spider_eye":5,"minecraft:bow":1,"minecraft:arrow":2,"minecraft:stone_pickaxe":1},"minecraft:custom":{"minecraft:interact_with_smithing_table":4,"minecraft:interact_with_anvil":1,"minecraft:mob_kills":72,"minecraft:inspect_hopper":3,"minecraft:interact_with_crafting_table":37,"minecraft:leave_game":8,"minecraft:time_since_death":27658,"minecraft:sprint_one_cm":1243231,"minecraft:walk_one_cm":1302381,"minecraft:damage_blocked_by_shield":2160,"minecraft:drop":61,"minecraft:raid_win":2,"minecraft:play_time":404012,"minecraft:sneak_time":8325,"minecraft:deaths":7,"minecraft:walk_under_water_one_cm":20358,"minecraft:boat_one_cm":38449,"minecraft:interact_with_brewingstand":1,"minecraft:jump":8447,"minecraft:walk_on_water_one_cm":21816,"minecraft:total_world_time":404012,"minecraft:interact_with_furnace":52,"minecraft:interact_with_cartography_table":4,"minecraft:raid_trigger":1,"minecraft:interact_with_stonecutter":1,"minecraft:sleep_in_bed":23,"minecraft:time_since_rest":3361,"minecraft:damage_taken":5253,"minecraft:damage_dealt":13823,"minecraft:swim_one_cm":35208,"minecraft:fly_one_cm":1737395,"minecraft:open_chest":84,"minecraft:crouch_one_cm":37315,"minecraft:fall_one_cm":241135}},"DataVersion":2975}