{"stats":{"minecraft:picked_up":{"minecraft:iron_chestplate":6,"minecraft:crafting_table":22,"minecraft:wheat":141,"minecraft:leather_leggings":1,"minecraft:chicken":2,"minecraft:smithing_table":1,"minecraft:oak_stairs":4,"minecraft:shield":5,"minecraft:string":28,"minecraft:raw_copper":4,"minecraft:iron_axe":1,"minecraft:iron_leggings":5,"minecraft:white_carpet":18,"minecraft:cartography_table":2,"minecraft:spruce_planks":4,"minecraft:beef":21,"minecraft:poppy":1,"minecraft:chest":2,"minecraft:furnace":3,"minecraft:iron_boots":10,"minecraft:egg":4,"minecraft:stick":8,"minecraft:raw_iron":17,"minecraft:oak_door":2,"minecraft:torch":8,"minecraft:porkchop":10,"minecraft:diorite":9,"minecraft:stone_sword":1,"minecraft:arrow":11,"minecraft:stone_shovel":1,"minecraft:rotten_flesh":33,"minecraft:shears":3,"minecraft:hay_block":41,"minecraft:saddle":3,"minecraft:mutton":7,"minecraft:white_wool":4,"minecraft:cobblestone":1325,"minecraft:feather":1,"minecraft:andesite":2,"minecraft:brown_wool":1,"minecraft:leather":86,"minecraft:filled_map":2,"minecraft:flint":5,"minecraft:oak_log":88,"minecraft:cobblestone_wall":1,"minecraft:map":4,"minecraft:dirt":1037,"minecraft:white_banner":16,"minecraft:glass":90,"minecraft:bone":65,"minecraft:apple":3,"minecraft:bow":8,"minecraft:stonecutter":1,"minecraft:wheat_seeds":124,"minecraft:stone_pickaxe":3,"minecraft:iron_ingot":8,"minecraft:stone_hoe":1,"minecraft:iron_sword":5,"minecraft:oak_planks":32,"minecraft:pumpkin":1,"minecraft:dandelion":8,"minecraft:gravel":34,"minecraft:spruce_sapling":4,"minecraft:white_bed":6,"minecraft:spruce_log":18,"minecraft:spider_eye":32,"minecraft:yellow_carpet":19,"minecraft:spruce_boat":2,"minecraft:stone_axe":3,"minecraft:iron_helmet":5,"minecraft:crossbow":4,"minecraft:granite":24,"minecraft:bread":291,"minecraft:emerald":1,"minecraft:oak_sapling":22,"minecraft:black_wool":1,"minecraft:coal":160,"minecraft:hopper":5},"minecraft:killed_by":{"minecraft:stray":1,"minecraft:ravager":3,"minecraft:vindicator":3},"minecraft:killed":{"minecraft:witch":1,"minecraft:spider":19,"minecraft:vindicator":4,"minecraft:skeleton":15,"minecraft:chicken":2,"minecraft:drowned":1,"minecraft:pig":5,"minecraft:iron_golem":1,"minecraft:sheep":6,"minecraft:pillager":22,"minecraft:zombie":25,"minecraft:villager":1,"minecraft:cow":11},"minecraft:mined":{"minecraft:spruce_planks":4,"minecraft:white_bed":6,"minecraft:oak_door":2,"minecraft:granite":2,"minecraft:grass_block":643,"minecraft:yellow_carpet":9,"minecraft:spruce_leaves":5,"minecraft:cartography_table":2,"minecraft:hay_block":42,"minecraft:furnace":3,"minecraft:carrots":1,"minecraft:iron_ore":20,"minecraft:pumpkin":1,"minecraft:oak_stairs":4,"minecraft:packed_ice":2,"minecraft:stone":757,"minecraft:smithing_table":1,"minecraft:powder_snow":22,"minecraft:crafting_table":9,"minecraft:torch":2,"minecraft:chest":2,"minecraft:tall_grass":43,"minecraft:cobblestone":56,"minecraft:oak_planks":30,"minecraft:wall_torch":5,"minecraft:diorite":8,"minecraft:wheat":1,"minecraft:white_carpet":8,"minecraft:spruce_log":20,"minecraft:white_wall_banner":1,"minecraft:grass":121,"minecraft:oak_log":88,"minecraft:coal_ore":58,"minecraft:gravel":40,"minecraft:dirt":271,"minecraft:stonecutter":1,"minecraft:oak_leaves":27},"minecraft:custom":{"minecraft:interact_with_smithing_table":4,"minecraft:interact_with_anvil":2,"minecraft:mob_kills":114,"minecraft:inspect_hopper":3,"minecraft:interact_with_crafting_table":45,"minecraft:leave_game":9,"minecraft:time_since_death":120018,"minecraft:sprint_one_cm":1534170,"minecraft:walk_one_cm":1558414,"minecraft:damage_blocked_by_shield":2960,"minecraft:drop":83,"minecraft:talked_to_villager":2,"minecraft:raid_win":2,"minecraft:play_time":496372,"minecraft:sneak_time":8880,"minecraft:deaths":7,"minecraft:walk_under_water_one_cm":28526,"minecraft:boat_one_cm":46918,"minecraft:interact_with_brewingstand":1,"minecraft:jump":10804,"minecraft:walk_on_water_one_cm":25516,"minecraft:total_world_time":496372,"minecraft:interact_with_furnace":59,"minecraft:interact_with_cartography_table":4,"minecraft:raid_trigger":1,"minecraft:interact_with_stonecutter":1,"minecraft:sleep_in_bed":26,"minecraft:time_since_rest":52628,"minecraft:damage_taken":6881,"minecraft:damage_dealt":21524,"minecraft:swim_one_cm":47647,"minecraft:fly_one_cm":2255099,"minecraft:open_chest":107,"minecraft:crouch_one_cm":38134,"minecraft:fall_one_cm":317887,"minecraft:horse_one_cm":56274},"minecraft:dropped":{"minecraft:water_bucket":1,"minecraft:bread":12,"minecraft:porkchop":1,"minecraft:wheat_seeds":21,"minecraft:cooked_beef":6,"minecraft:crafting_table":1,"minecraft:crossbow":1,"minecraft:cobblestone":723,"minecraft:granite":4,"minecraft:saddle":2,"minecraft:flint":4,"minecraft:stick":3,"minecraft:dirt":3,"minecraft:white_wool":1,"minecraft:spruce_sapling":2,"minecraft:dandelion":1,"minecraft:bone":11,"minecraft:gravel":29,"minecraft:cooked_chicken":1,"minecraft:stone_sword":1,"minecraft:raw_copper":3,"minecraft:wheat":1,"minecraft:rotten_flesh":16,"minecraft:oak_planks":47,"minecraft:iron_boots":1,"minecraft:cooked_mutton":2,"minecraft:white_bed":1,"minecraft:filled_map":1,"minecraft:spruce_boat":1,"minecraft:iron_chestplate":1,"minecraft:hopper":1,"minecraft:oak_sapling":9,"minecraft:spider_eye":5,"minecraft:bow":3,"minecraft:arrow":2,"minecraft:glass":18,"minecraft:stone_pickaxe":1},"minecraft:used":{"minecraft:stone_sword":130,"minecraft:stone_shovel":791,"minecraft:poppy":1,"minecraft:chest":4,"minecraft:spruce_planks":34,"minecraft:shield":71,"minecraft:iron_sword":346,"minecraft:rotten_flesh":1,"minecraft:cooked_chicken":2,"minecraft:oak_door":4,"minecraft:torch":71,"minecraft:brewing_stand":1,"minecraft:dirt":675,"minecraft:white_carpet":6,"minecraft:cobblestone_wall":1,"minecraft:yellow_carpet":7,"minecraft:spruce_boat":1,"minecraft:iron_axe":88,"minecraft:oak_stairs":32,"minecraft:bow":6,"minecraft:oak_sapling":4,"minecraft:furnace":4,"minecraft:egg":4,"minecraft:potato":1,"minecraft:cooked_beef":12,"minecraft:pumpkin":1,"minecraft:cooked_mutton":5,"minecraft:water_bucket":4,"minecraft:diorite":9,"minecraft:oak_planks":129,"minecraft:stone_pickaxe":913,"minecraft:cartography_table":3,"minecraft:wooden_pickaxe":4,"minecraft:stonecutter":2,"minecraft:crafting_table":12,"minecraft:spider_eye":1,"minecraft:crossbow":4,"minecraft:white_bed":6,"minecraft:oak_log":7,"minecraft:apple":2,"minecraft:bread":118,"minecraft:map":2,"minecraft:stone_axe":190,"minecraft:cobblestone":97,"minecraft:white_banner":11,"minecraft:cooked_porkchop":10,"minecraft:smithing_table":1,"minecraft:andesite":2,"minecraft:bucket":5,"minecraft:dandelion":2,"minecraft:bone_meal":3},"minecraft:broken":{"minecraft:stone_sword":1,"minecraft:stone_pickaxe":6,"minecraft:stone_axe":1,"minecraft:iron_sword":1,"minecraft:stone_shovel":7},"minecraft:crafted":{"minecraft:oak_door":3,"minecraft:oak_planks":324,"minecraft:stone_shovel":6,"minecraft:cooked_chicken":3,"minecraft:furnace":1,"minecraft:bone_meal":9,"minecraft:cooked_mutton":7,"minecraft:iron_boots":1,"minecraft:stone_pickaxe":7,"minecraft:chest":2,"minecraft:spruce_boat":1,"minecraft:wheat":369,"minecraft:cooked_beef":24,"minecraft:cooked_cod":2,"minecraft:cooked_porkchop":10,"minecraft:crafting_table":1,"minecraft:spruce_planks":72,"minecraft:wooden_pickaxe":1,"minecraft:iron_helmet":1,"minecraft:iron_sword":2,"minecraft:bucket":1,"minecraft:stone_axe":2,"minecraft:bread":123,"minecraft:air":0,"minecraft:iron_chestplate":1,"minecraft:shield":1,"minecraft:stick":100,"minecraft:iron_ingot":5,"minecraft:oak_stairs":68,"minecraft:stone_sword":1,"minecraft:iron_leggings":1,"minecraft:white_bed":1,"minecraft:torch":64}},"DataVersion":2975}