{"stats":{"minecraft:used":{"minecraft:water_bucket":5,"minecraft:flint_and_steel":1,"minecraft:stone_shovel":2,"minecraft:stone_pickaxe":262,"minecraft:shield":4,"minecraft:wooden_pickaxe":7,"minecraft:wooden_shovel":11,"minecraft:netherrack":11,"minecraft:dirt":7,"minecraft:crafting_table":1,"minecraft:wooden_hoe":7,"minecraft:lava_bucket":8,"minecraft:iron_pickaxe":250,"minecraft:stone_axe":32,"minecraft:cobblestone":46,"minecraft:cooked_porkchop":6,"minecraft:bucket":14,"minecraft:andesite":7,"minecraft:potato":36,"minecraft:bone_meal":18},"minecraft:picked_up":{"minecraft:crafting_table":2,"minecraft:andesite":14,"minecraft:leather":2,"minecraft:wooden_pickaxe":1,"minecraft:potato":31,"minecraft:dirt":14,"minecraft:bone":4,"minecraft:bow":2,"minecraft:wheat_seeds":5,"minecraft:gold_nugget":59,"minecraft:spruce_planks":35,"minecraft:beef":8,"minecraft:stone_pickaxe":2,"minecraft:wooden_shovel":1,"minecraft:poppy":1,"minecraft:egg":1,"minecraft:raw_iron":16,"minecraft:stick":4,"minecraft:quartz":16,"minecraft:porkchop":18,"minecraft:spruce_log":12,"minecraft:arrow":5,"minecraft:stone_axe":1,"minecraft:netherrack":371,"minecraft:coal":29,"minecraft:mutton":4,"minecraft:white_wool":3,"minecraft:cobblestone":98,"minecraft:sunflower":1},"minecraft:broken":{"minecraft:stone_pickaxe":2,"minecraft:iron_pickaxe":1},"minecraft:killed":{"minecraft:pig":4,"minecraft:sheep":3,"minecraft:skeleton":3,"minecraft:cow":4},"minecraft:killed_by":{"minecraft:zombie":1},"minecraft:mined":{"minecraft:nether_gold_ore":15,"minecraft:crafting_table":1,"minecraft:grass_block":10,"minecraft:nether_quartz_ore":16,"minecraft:cobblestone":11,"minecraft:tall_grass":16,"minecraft:iron_ore":8,"minecraft:spruce_log":12,"minecraft:andesite":14,"minecraft:grass":70,"minecraft:potatoes":8,"minecraft:coal_ore":20,"minecraft:sunflower":1,"minecraft:dirt":4,"minecraft:stone":56,"minecraft:netherrack":379},"minecraft:crafted":{"minecraft:cooked_beef":8,"minecraft:stone_shovel":1,"minecraft:cooked_porkchop":9,"minecraft:crafting_table":1,"minecraft:spruce_planks":48,"minecraft:wooden_pickaxe":1,"minecraft:bucket":1,"minecraft:bone_meal":18,"minecraft:stone_axe":1,"minecraft:air":0,"minecraft:flint_and_steel":1,"minecraft:wooden_hoe":2,"minecraft:shield":1,"minecraft:stick":28,"minecraft:iron_ingot":8,"minecraft:iron_pickaxe":3,"minecraft:stone_pickaxe":3},"minecraft:dropped":{"minecraft:poppy":1,"minecraft:potato":3,"minecraft:wooden_hoe":1},"minecraft:custom":{"minecraft:interact_with_furnace":18,"minecraft:mob_kills":14,"minecraft:interact_with_crafting_table":12,"minecraft:leave_game":2,"minecraft:time_since_death":30238,"minecraft:time_since_rest":30730,"minecraft:sprint_one_cm":127790,"minecraft:damage_taken":500,"minecraft:walk_one_cm":72236,"minecraft:damage_blocked_by_shield":420,"minecraft:drop":5,"minecraft:damage_dealt":1793,"minecraft:swim_one_cm":7682,"minecraft:fly_one_cm":213426,"minecraft:open_chest":28,"minecraft:crouch_one_cm":4977,"minecraft:play_time":37973,"minecraft:deaths":1,"minecraft:sneak_time":2254,"minecraft:walk_under_water_one_cm":551,"minecraft:jump":903,"minecraft:walk_on_water_one_cm":5003,"minecraft:total_world_time":37973,"minecraft:fall_one_cm":21983}},"DataVersion":2975}