{"stats":{"minecraft:used":{"minecraft:water_bucket":6,"minecraft:flint_and_steel":1,"minecraft:stone_shovel":49,"minecraft:stone_pickaxe":262,"minecraft:shield":8,"minecraft:wooden_pickaxe":7,"minecraft:wooden_shovel":11,"minecraft:netherrack":48,"minecraft:torch":6,"minecraft:dirt":7,"minecraft:crafting_table":1,"minecraft:snowball":119,"minecraft:wooden_hoe":7,"minecraft:lava_bucket":8,"minecraft:iron_pickaxe":287,"minecraft:stone_axe":39,"minecraft:cobblestone":46,"minecraft:cooked_porkchop":9,"minecraft:bucket":37,"minecraft:andesite":7,"minecraft:potato":36,"minecraft:powder_snow_bucket":22,"minecraft:bone_meal":18},"minecraft:picked_up":{"minecraft:crafting_table":2,"minecraft:andesite":15,"minecraft:leather":2,"minecraft:wooden_pickaxe":1,"minecraft:potato":31,"minecraft:string":1,"minecraft:dirt":15,"minecraft:bone":7,"minecraft:bow":2,"minecraft:wheat_seeds":5,"minecraft:gold_nugget":59,"minecraft:raw_gold":6,"minecraft:spruce_planks":35,"minecraft:beef":8,"minecraft:stone_pickaxe":2,"minecraft:wooden_shovel":1,"minecraft:poppy":1,"minecraft:egg":1,"minecraft:raw_iron":35,"minecraft:stick":4,"minecraft:quartz":16,"minecraft:porkchop":18,"minecraft:spruce_log":12,"minecraft:arrow":7,"minecraft:stone_axe":1,"minecraft:emerald":1,"minecraft:netherrack":371,"minecraft:coal":38,"minecraft:mutton":4,"minecraft:snowball":138,"minecraft:white_wool":3,"minecraft:cobblestone":106,"minecraft:sunflower":1},"minecraft:broken":{"minecraft:stone_pickaxe":2,"minecraft:iron_pickaxe":1},"minecraft:killed":{"minecraft:pig":4,"minecraft:spider":1,"minecraft:sheep":3,"minecraft:skeleton":4,"minecraft:zombie":1,"minecraft:cow":4},"minecraft:killed_by":{"minecraft:zombie":1},"minecraft:mined":{"minecraft:nether_gold_ore":15,"minecraft:snow_block":33,"minecraft:powder_snow":10,"minecraft:crafting_table":1,"minecraft:emerald_ore":1,"minecraft:grass_block":10,"minecraft:nether_quartz_ore":16,"minecraft:cobblestone":11,"minecraft:tall_grass":16,"minecraft:snow":6,"minecraft:iron_ore":24,"minecraft:spruce_log":12,"minecraft:andesite":15,"minecraft:grass":72,"minecraft:potatoes":8,"minecraft:coal_ore":29,"minecraft:deepslate_iron_ore":1,"minecraft:sunflower":1,"minecraft:dirt":4,"minecraft:stone":59,"minecraft:netherrack":379,"minecraft:gold_ore":6},"minecraft:crafted":{"minecraft:cooked_beef":8,"minecraft:stone_shovel":1,"minecraft:cooked_porkchop":9,"minecraft:crafting_table":1,"minecraft:spruce_planks":48,"minecraft:wooden_pickaxe":1,"minecraft:bucket":1,"minecraft:bone_meal":18,"minecraft:stone_axe":1,"minecraft:air":0,"minecraft:flint_and_steel":1,"minecraft:wooden_hoe":2,"minecraft:shield":1,"minecraft:stick":28,"minecraft:iron_ingot":8,"minecraft:iron_pickaxe":3,"minecraft:stone_pickaxe":3,"minecraft:torch":16},"minecraft:dropped":{"minecraft:poppy":1,"minecraft:potato":3,"minecraft:wooden_hoe":1},"minecraft:custom":{"minecraft:interact_with_furnace":18,"minecraft:mob_kills":17,"minecraft:interact_with_crafting_table":12,"minecraft:leave_game":2,"minecraft:time_since_death":42238,"minecraft:time_since_rest":42730,"minecraft:sprint_one_cm":162807,"minecraft:damage_taken":710,"minecraft:walk_one_cm":92857,"minecraft:damage_blocked_by_shield":720,"minecraft:drop":5,"minecraft:damage_dealt":2400,"minecraft:swim_one_cm":7960,"minecraft:fly_one_cm":280423,"minecraft:open_chest":28,"minecraft:crouch_one_cm":7505,"minecraft:play_time":49973,"minecraft:deaths":1,"minecraft:sneak_time":3924,"minecraft:walk_under_water_one_cm":766,"minecraft:jump":1196,"minecraft:walk_on_water_one_cm":6569,"minecraft:total_world_time":49973,"minecraft:fall_one_cm":29743}},"DataVersion":2975}