{"stats":{"minecraft:picked_up":{"minecraft:crafting_table":3,"minecraft:wheat":10,"minecraft:chainmail_boots":1,"minecraft:wooden_pickaxe":1,"minecraft:amethyst_block":20,"minecraft:string":4,"minecraft:raw_copper":4,"minecraft:gold_nugget":59,"minecraft:cobbled_deepslate":197,"minecraft:spruce_planks":35,"minecraft:beef":8,"minecraft:wooden_shovel":1,"minecraft:poppy":18,"minecraft:sugar_cane":6,"minecraft:egg":1,"minecraft:raw_iron":35,"minecraft:stick":4,"minecraft:torch":3,"minecraft:porkchop":18,"minecraft:redstone":47,"minecraft:arrow":11,"minecraft:rotten_flesh":10,"minecraft:mutton":4,"minecraft:obsidian":2,"minecraft:snowball":138,"minecraft:white_wool":3,"minecraft:cobblestone":576,"minecraft:andesite":30,"minecraft:leather":2,"minecraft:potato":31,"minecraft:flint":1,"minecraft:tuff":31,"minecraft:lapis_lazuli":87,"minecraft:dirt":21,"minecraft:bone":13,"minecraft:bow":2,"minecraft:wheat_seeds":40,"minecraft:raw_gold":6,"minecraft:stone_pickaxe":2,"minecraft:quartz":16,"minecraft:gravel":33,"minecraft:amethyst_shard":4,"minecraft:white_bed":4,"minecraft:spruce_log":12,"minecraft:spruce_door":1,"minecraft:diamond":23,"minecraft:stone_axe":1,"minecraft:granite":4,"minecraft:emerald":2,"minecraft:netherrack":373,"minecraft:coal":45,"minecraft:sunflower":1},"minecraft:killed_by":{"minecraft:zombie":1},"minecraft:killed":{"minecraft:cave_spider":1,"minecraft:spider":3,"minecraft:skeleton":10,"minecraft:silverfish":1,"minecraft:pig":4,"minecraft:sheep":3,"minecraft:zombie":8,"minecraft:cow":4},"minecraft:mined":{"minecraft:nether_gold_ore":15,"minecraft:diamond_ore":4,"minecraft:tuff":35,"minecraft:white_bed":4,"minecraft:deepslate_diamond_ore":19,"minecraft:obsidian":2,"minecraft:granite":4,"minecraft:grass_block":10,"minecraft:iron_ore":24,"minecraft:snow":6,"minecraft:andesite":30,"minecraft:deepslate_lapis_ore":5,"minecraft:potatoes":8,"minecraft:deepslate_iron_ore":1,"minecraft:stone":578,"minecraft:deepslate_redstone_ore":10,"minecraft:snow_block":33,"minecraft:amethyst_cluster":1,"minecraft:spruce_door":1,"minecraft:powder_snow":10,"minecraft:crafting_table":2,"minecraft:torch":1,"minecraft:emerald_ore":2,"minecraft:poppy":17,"minecraft:nether_quartz_ore":16,"minecraft:tall_grass":16,"minecraft:copper_ore":1,"minecraft:cobblestone":28,"minecraft:lapis_ore":9,"minecraft:sugar_cane":2,"minecraft:wall_torch":2,"minecraft:amethyst_block":20,"minecraft:wheat":12,"minecraft:spruce_log":12,"minecraft:grass":100,"minecraft:coal_ore":36,"minecraft:sunflower":1,"minecraft:gravel":44,"minecraft:dirt":10,"minecraft:netherrack":381,"minecraft:gold_ore":6,"minecraft:deepslate":197,"minecraft:infested_stone":1},"minecraft:custom":{"minecraft:mob_kills":34,"minecraft:animals_bred":2,"minecraft:interact_with_crafting_table":27,"minecraft:leave_game":4,"minecraft:time_since_death":106720,"minecraft:sprint_one_cm":303358,"minecraft:walk_one_cm":227837,"minecraft:damage_blocked_by_shield":1940,"minecraft:drop":12,"minecraft:play_time":114455,"minecraft:deaths":1,"minecraft:sneak_time":7228,"minecraft:walk_under_water_one_cm":3319,"minecraft:jump":2475,"minecraft:walk_on_water_one_cm":13698,"minecraft:enchant_item":1,"minecraft:total_world_time":114455,"minecraft:interact_with_furnace":34,"minecraft:sleep_in_bed":1,"minecraft:time_since_rest":15904,"minecraft:damage_taken":2001,"minecraft:damage_dealt":5147,"minecraft:swim_one_cm":39119,"minecraft:fly_one_cm":488001,"minecraft:open_chest":74,"minecraft:crouch_one_cm":12942,"minecraft:fall_one_cm":57684},"minecraft:dropped":{"minecraft:wheat_seeds":5,"minecraft:diamond":17,"minecraft:wooden_hoe":2,"minecraft:string":3,"minecraft:poppy":1,"minecraft:potato":3,"minecraft:andesite":8,"minecraft:wooden_shovel":1},"minecraft:used":{"minecraft:oak_fence":25,"minecraft:enchanting_table":1,"minecraft:flint_and_steel":9,"minecraft:stone_shovel":91,"minecraft:shield":28,"minecraft:stone":2,"minecraft:wooden_shovel":11,"minecraft:netherrack":77,"minecraft:iron_chestplate":1,"minecraft:torch":14,"minecraft:dirt":7,"minecraft:tuff":8,"minecraft:snowball":135,"minecraft:lava_bucket":8,"minecraft:iron_axe":3,"minecraft:cooked_beef":8,"minecraft:potato":36,"minecraft:powder_snow_bucket":28,"minecraft:iron_leggings":1,"minecraft:wheat_seeds":19,"minecraft:cooked_mutton":8,"minecraft:water_bucket":6,"minecraft:amethyst_block":6,"minecraft:spruce_door":1,"minecraft:stone_pickaxe":262,"minecraft:wooden_pickaxe":7,"minecraft:sugar_cane":3,"minecraft:spruce_fence_gate":3,"minecraft:crafting_table":2,"minecraft:white_bed":5,"minecraft:wooden_hoe":7,"minecraft:diamond_pickaxe":12,"minecraft:iron_pickaxe":1147,"minecraft:stone_axe":72,"minecraft:cobblestone":124,"minecraft:chainmail_boots":1,"minecraft:cooked_porkchop":9,"minecraft:bucket":43,"minecraft:andesite":7,"minecraft:bone_meal":45},"minecraft:broken":{"minecraft:stone_pickaxe":2,"minecraft:stone_axe":1,"minecraft:iron_pickaxe":4},"minecraft:crafted":{"minecraft:oak_planks":40,"minecraft:stone_shovel":1,"minecraft:stone":2,"minecraft:bone_meal":45,"minecraft:cooked_mutton":4,"minecraft:flint_and_steel":1,"minecraft:iron_axe":1,"minecraft:stone_pickaxe":3,"minecraft:oak_fence":42,"minecraft:cooked_beef":8,"minecraft:cooked_porkchop":9,"minecraft:crafting_table":2,"minecraft:enchanting_table":1,"minecraft:spruce_planks":48,"minecraft:wooden_pickaxe":1,"minecraft:spruce_door":3,"minecraft:bucket":1,"minecraft:birch_planks":40,"minecraft:stone_axe":1,"minecraft:air":0,"minecraft:book":4,"minecraft:iron_chestplate":1,"minecraft:wooden_hoe":3,"minecraft:paper":12,"minecraft:diamond_pickaxe":1,"minecraft:shield":1,"minecraft:stick":124,"minecraft:iron_pickaxe":5,"minecraft:iron_ingot":27,"minecraft:iron_leggings":1,"minecraft:white_bed":1,"minecraft:spruce_fence_gate":3,"minecraft:torch":16}},"DataVersion":2975}