{"stats":{"minecraft:used":{"minecraft:stone_axe":15,"minecraft:crafting_table":1,"minecraft:stone_pickaxe":50,"minecraft:wooden_pickaxe":7},"minecraft:picked_up":{"minecraft:raw_iron":8,"minecraft:crafting_table":1,"minecraft:porkchop":9,"minecraft:spruce_log":12,"minecraft:coal":9,"minecraft:cobblestone":40},"minecraft:killed":{"minecraft:pig":4},"minecraft:killed_by":{"minecraft:zombie":1},"minecraft:crafted":{"minecraft:stone_axe":1,"minecraft:crafting_table":1,"minecraft:spruce_planks":48,"minecraft:stick":12,"minecraft:wooden_pickaxe":1,"minecraft:stone_pickaxe":2},"minecraft:mined":{"minecraft:coal_ore":9,"minecraft:iron_ore":8,"minecraft:spruce_log":12,"minecraft:stone":40,"minecraft:crafting_table":1},"minecraft:custom":{"minecraft:time_since_rest":730,"minecraft:crouch_one_cm":2908,"minecraft:damage_taken":220,"minecraft:play_time":7973,"minecraft:sprint_one_cm":22967,"minecraft:walk_one_cm":7691,"minecraft:deaths":1,"minecraft:sneak_time":1389,"minecraft:mob_kills":4,"minecraft:jump":152,"minecraft:damage_dealt":533,"minecraft:leave_game":1,"minecraft:time_since_death":238,"minecraft:total_world_time":7973,"minecraft:interact_with_crafting_table":3,"minecraft:fall_one_cm":3168,"minecraft:fly_one_cm":33240}},"DataVersion":2975}