{"stats":{"minecraft:used":{"minecraft:water_bucket":3,"minecraft:stone_pickaxe":50,"minecraft:shield":4,"minecraft:wooden_pickaxe":7,"minecraft:wooden_shovel":9,"minecraft:dirt":3,"minecraft:crafting_table":1,"minecraft:wooden_hoe":7,"minecraft:iron_pickaxe":34,"minecraft:stone_axe":32,"minecraft:cobblestone":46,"minecraft:cooked_porkchop":4,"minecraft:bucket":4,"minecraft:andesite":7,"minecraft:potato":36,"minecraft:bone_meal":18},"minecraft:picked_up":{"minecraft:crafting_table":2,"minecraft:andesite":7,"minecraft:leather":2,"minecraft:wooden_pickaxe":1,"minecraft:potato":31,"minecraft:dirt":10,"minecraft:bone":4,"minecraft:bow":2,"minecraft:wheat_seeds":5,"minecraft:spruce_planks":35,"minecraft:beef":8,"minecraft:stone_pickaxe":2,"minecraft:wooden_shovel":1,"minecraft:egg":1,"minecraft:raw_iron":16,"minecraft:stick":4,"minecraft:porkchop":18,"minecraft:spruce_log":12,"minecraft:arrow":5,"minecraft:stone_axe":1,"minecraft:coal":29,"minecraft:mutton":4,"minecraft:white_wool":3,"minecraft:cobblestone":87,"minecraft:sunflower":1},"minecraft:killed":{"minecraft:pig":4,"minecraft:sheep":3,"minecraft:skeleton":3,"minecraft:cow":4},"minecraft:killed_by":{"minecraft:zombie":1},"minecraft:mined":{"minecraft:crafting_table":1,"minecraft:grass_block":10,"minecraft:tall_grass":16,"minecraft:iron_ore":8,"minecraft:spruce_log":12,"minecraft:andesite":7,"minecraft:grass":70,"minecraft:potatoes":8,"minecraft:coal_ore":20,"minecraft:sunflower":1,"minecraft:stone":56},"minecraft:crafted":{"minecraft:cooked_beef":8,"minecraft:stone_shovel":1,"minecraft:cooked_porkchop":9,"minecraft:crafting_table":1,"minecraft:spruce_planks":48,"minecraft:wooden_pickaxe":1,"minecraft:bucket":1,"minecraft:bone_meal":18,"minecraft:stone_axe":1,"minecraft:air":0,"minecraft:wooden_hoe":2,"minecraft:shield":1,"minecraft:stick":20,"minecraft:iron_ingot":8,"minecraft:iron_pickaxe":1,"minecraft:stone_pickaxe":2},"minecraft:dropped":{"minecraft:potato":3,"minecraft:wooden_hoe":1},"minecraft:custom":{"minecraft:interact_with_furnace":18,"minecraft:mob_kills":14,"minecraft:interact_with_crafting_table":9,"minecraft:leave_game":2,"minecraft:time_since_death":18238,"minecraft:time_since_rest":18730,"minecraft:sprint_one_cm":97578,"minecraft:damage_taken":500,"minecraft:walk_one_cm":46316,"minecraft:damage_blocked_by_shield":420,"minecraft:drop":4,"minecraft:damage_dealt":1783,"minecraft:swim_one_cm":7682,"minecraft:fly_one_cm":174028,"minecraft:open_chest":23,"minecraft:crouch_one_cm":3098,"minecraft:play_time":25973,"minecraft:deaths":1,"minecraft:sneak_time":1516,"minecraft:walk_under_water_one_cm":551,"minecraft:jump":689,"minecraft:walk_on_water_one_cm":1105,"minecraft:total_world_time":25973,"minecraft:fall_one_cm":19835}},"DataVersion":2975}