{"stats":{"minecraft:used":{"minecraft:water_bucket":6,"minecraft:amethyst_block":6,"minecraft:spruce_door":1,"minecraft:flint_and_steel":9,"minecraft:stone_shovel":49,"minecraft:stone_pickaxe":262,"minecraft:shield":19,"minecraft:wooden_pickaxe":7,"minecraft:wooden_shovel":11,"minecraft:netherrack":65,"minecraft:torch":11,"minecraft:dirt":7,"minecraft:crafting_table":2,"minecraft:tuff":2,"minecraft:snowball":119,"minecraft:wooden_hoe":7,"minecraft:lava_bucket":8,"minecraft:iron_pickaxe":346,"minecraft:stone_axe":55,"minecraft:cobblestone":46,"minecraft:cooked_porkchop":9,"minecraft:bucket":42,"minecraft:andesite":7,"minecraft:cooked_beef":5,"minecraft:potato":36,"minecraft:powder_snow_bucket":27,"minecraft:bone_meal":18},"minecraft:picked_up":{"minecraft:crafting_table":3,"minecraft:andesite":15,"minecraft:leather":2,"minecraft:wooden_pickaxe":1,"minecraft:potato":31,"minecraft:tuff":8,"minecraft:amethyst_block":20,"minecraft:lapis_lazuli":23,"minecraft:string":2,"minecraft:dirt":15,"minecraft:bone":11,"minecraft:bow":2,"minecraft:wheat_seeds":5,"minecraft:gold_nugget":59,"minecraft:cobbled_deepslate":6,"minecraft:raw_gold":6,"minecraft:spruce_planks":35,"minecraft:beef":8,"minecraft:stone_pickaxe":2,"minecraft:wooden_shovel":1,"minecraft:poppy":1,"minecraft:egg":1,"minecraft:raw_iron":35,"minecraft:stick":4,"minecraft:quartz":16,"minecraft:porkchop":18,"minecraft:amethyst_shard":4,"minecraft:spruce_log":12,"minecraft:redstone":47,"minecraft:spruce_door":1,"minecraft:arrow":8,"minecraft:rotten_flesh":1,"minecraft:stone_axe":1,"minecraft:granite":4,"minecraft:emerald":1,"minecraft:netherrack":373,"minecraft:coal":38,"minecraft:mutton":4,"minecraft:snowball":138,"minecraft:white_wool":3,"minecraft:cobblestone":106,"minecraft:sunflower":1},"minecraft:broken":{"minecraft:stone_pickaxe":2,"minecraft:iron_pickaxe":1},"minecraft:killed":{"minecraft:pig":4,"minecraft:spider":3,"minecraft:sheep":3,"minecraft:skeleton":7,"minecraft:zombie":2,"minecraft:cow":4},"minecraft:killed_by":{"minecraft:zombie":1},"minecraft:mined":{"minecraft:nether_gold_ore":15,"minecraft:deepslate_redstone_ore":10,"minecraft:tuff":12,"minecraft:snow_block":33,"minecraft:amethyst_cluster":1,"minecraft:spruce_door":1,"minecraft:powder_snow":10,"minecraft:crafting_table":2,"minecraft:granite":4,"minecraft:emerald_ore":1,"minecraft:grass_block":10,"minecraft:nether_quartz_ore":16,"minecraft:cobblestone":11,"minecraft:tall_grass":16,"minecraft:lapis_ore":4,"minecraft:amethyst_block":20,"minecraft:snow":6,"minecraft:iron_ore":24,"minecraft:spruce_log":12,"minecraft:andesite":15,"minecraft:grass":72,"minecraft:potatoes":8,"minecraft:coal_ore":29,"minecraft:deepslate_iron_ore":1,"minecraft:sunflower":1,"minecraft:dirt":4,"minecraft:stone":59,"minecraft:netherrack":381,"minecraft:deepslate":6,"minecraft:gold_ore":6},"minecraft:crafted":{"minecraft:cooked_beef":8,"minecraft:stone_shovel":1,"minecraft:cooked_porkchop":9,"minecraft:crafting_table":2,"minecraft:spruce_planks":48,"minecraft:wooden_pickaxe":1,"minecraft:spruce_door":3,"minecraft:bucket":1,"minecraft:bone_meal":18,"minecraft:stone_axe":1,"minecraft:air":0,"minecraft:flint_and_steel":1,"minecraft:wooden_hoe":2,"minecraft:shield":1,"minecraft:stick":28,"minecraft:iron_ingot":8,"minecraft:iron_pickaxe":3,"minecraft:stone_pickaxe":3,"minecraft:torch":16},"minecraft:dropped":{"minecraft:poppy":1,"minecraft:potato":3,"minecraft:wooden_hoe":2,"minecraft:andesite":8,"minecraft:wooden_shovel":1,"minecraft:string":2},"minecraft:custom":{"minecraft:interact_with_furnace":18,"minecraft:mob_kills":23,"minecraft:interact_with_crafting_table":13,"minecraft:leave_game":2,"minecraft:time_since_death":54238,"minecraft:time_since_rest":54730,"minecraft:sprint_one_cm":188748,"minecraft:damage_taken":1410,"minecraft:walk_one_cm":112206,"minecraft:damage_blocked_by_shield":1490,"minecraft:drop":9,"minecraft:damage_dealt":3570,"minecraft:swim_one_cm":31306,"minecraft:fly_one_cm":303215,"minecraft:open_chest":28,"minecraft:crouch_one_cm":8220,"minecraft:play_time":61973,"minecraft:deaths":1,"minecraft:sneak_time":4836,"minecraft:walk_under_water_one_cm":1693,"minecraft:jump":1437,"minecraft:walk_on_water_one_cm":12604,"minecraft:total_world_time":61973,"minecraft:fall_one_cm":36562}},"DataVersion":2975}