{"stats":{"minecraft:killed_by":{"minecraft:zombie":1,"minecraft:stray":1},"minecraft:mined":{"minecraft:grass":1,"minecraft:powder_snow":17},"minecraft:custom":{"minecraft:jump":166,"minecraft:time_since_rest":21,"minecraft:damage_dealt":90,"minecraft:leave_game":1,"minecraft:deaths":2,"minecraft:sprint_one_cm":13810,"minecraft:play_time":3213,"minecraft:damage_taken":530,"minecraft:time_since_death":0,"minecraft:walk_one_cm":2763,"minecraft:total_world_time":3213,"minecraft:fall_one_cm":7253,"minecraft:fly_one_cm":54487}},"DataVersion":2975}