{"stats":{"minecraft:picked_up":{"minecraft:wooden_axe":1,"minecraft:fishing_rod":4,"minecraft:iron_chestplate":16,"minecraft:crafting_table":12,"minecraft:wheat":39,"minecraft:chicken":2,"minecraft:lead":4,"minecraft:smithing_table":6,"minecraft:wooden_pickaxe":1,"minecraft:potion":3,"minecraft:brewing_stand":3,"minecraft:shield":19,"minecraft:cornflower":3,"minecraft:oak_trapdoor":8,"minecraft:string":38,"minecraft:red_bed":6,"minecraft:raw_copper":12,"minecraft:iron_axe":24,"minecraft:iron_leggings":17,"minecraft:pufferfish":13,"minecraft:compass":11,"minecraft:iron_shovel":1,"minecraft:oak_sign":12,"minecraft:cartography_table":2,"minecraft:bucket":9,"minecraft:beef":14,"minecraft:oak_boat":20,"minecraft:cobblestone_slab":39,"minecraft:poppy":32,"minecraft:iron_pickaxe":17,"minecraft:sugar_cane":160,"minecraft:chest":7,"minecraft:egg":1,"minecraft:iron_boots":11,"minecraft:furnace":5,"minecraft:raw_iron":136,"minecraft:stick":99,"minecraft:composter":1,"minecraft:torch":42,"minecraft:porkchop":10,"minecraft:diorite":9,"minecraft:carrot":105,"minecraft:stone_sword":2,"minecraft:arrow":40,"minecraft:stone_shovel":1,"minecraft:rotten_flesh":125,"minecraft:tropical_fish":3,"minecraft:shears":5,"minecraft:hay_block":46,"minecraft:saddle":12,"minecraft:totem_of_undying":4,"minecraft:mutton":12,"minecraft:cod":49,"minecraft:white_wool":13,"minecraft:cobblestone":1384,"minecraft:nautilus_shell":1,"minecraft:feather":8,"minecraft:cooked_beef":4,"minecraft:andesite":1,"minecraft:tripwire_hook":2,"minecraft:water_bucket":2,"minecraft:salmon":12,"minecraft:leather":69,"minecraft:potato":5,"minecraft:filled_map":3,"minecraft:flint":6,"minecraft:oak_log":130,"minecraft:cobblestone_wall":145,"minecraft:yellow_bed":5,"minecraft:gunpowder":15,"minecraft:map":3,"minecraft:dirt":2370,"minecraft:paper":20,"minecraft:white_banner":43,"minecraft:name_tag":11,"minecraft:cooked_mutton":6,"minecraft:glass":131,"minecraft:bone":100,"minecraft:bow":13,"minecraft:stonecutter":28,"minecraft:wheat_seeds":79,"minecraft:raw_gold":22,"minecraft:iron_ingot":99,"minecraft:stone_pickaxe":2,"minecraft:cooked_chicken":1,"minecraft:glass_bottle":24,"minecraft:oak_planks":109,"minecraft:iron_sword":15,"minecraft:stone_hoe":10,"minecraft:pumpkin":6,"minecraft:dandelion":5,"minecraft:gravel":65,"minecraft:lava_bucket":10,"minecraft:sand":58,"minecraft:spruce_sapling":12,"minecraft:white_bed":8,"minecraft:spider_eye":43,"minecraft:slime_ball":102,"minecraft:stone_axe":2,"minecraft:spruce_boat":8,"minecraft:iron_helmet":9,"minecraft:crossbow":22,"minecraft:granite":15,"minecraft:emerald":6,"minecraft:bread":69,"minecraft:oak_sapling":74,"minecraft:coal":146,"minecraft:hopper":6},"minecraft:killed_by":{"minecraft:pillager":1,"minecraft:enderman":1,"minecraft:iron_golem":4,"minecraft:ravager":3,"minecraft:vindicator":6},"minecraft:killed":{"minecraft:evoker":1,"minecraft:witch":3,"minecraft:vindicator":4,"minecraft:spider":10,"minecraft:slime":4,"minecraft:skeleton":15,"minecraft:chicken":2,"minecraft:pig":2,"minecraft:zombie_villager":2,"minecraft:iron_golem":3,"minecraft:wandering_trader":1,"minecraft:ravager":1,"minecraft:creeper":3,"minecraft:sheep":6,"minecraft:trader_llama":4,"minecraft:pillager":12,"minecraft:zombie":29,"minecraft:villager":9,"minecraft:cow":6},"minecraft:mined":{"minecraft:white_bed":7,"minecraft:brewing_stand":2,"minecraft:granite":1,"minecraft:grass_block":1299,"minecraft:hopper":1,"minecraft:composter":1,"minecraft:cartography_table":2,"minecraft:hay_block":25,"minecraft:oak_trapdoor":3,"minecraft:furnace":5,"minecraft:carrots":32,"minecraft:iron_ore":100,"minecraft:andesite":1,"minecraft:pumpkin":3,"minecraft:potatoes":5,"minecraft:dirt_path":2,"minecraft:deepslate_iron_ore":2,"minecraft:packed_ice":2,"minecraft:stone":363,"minecraft:smithing_table":2,"minecraft:red_bed":6,"minecraft:dandelion":3,"minecraft:powder_snow":1,"minecraft:torch":13,"minecraft:cornflower":3,"minecraft:crafting_table":11,"minecraft:poppy":10,"minecraft:chest":4,"minecraft:tall_grass":50,"minecraft:cobblestone":568,"minecraft:oak_planks":3,"minecraft:sugar_cane":9,"minecraft:wall_torch":13,"minecraft:diorite":13,"minecraft:cobblestone_wall":7,"minecraft:wheat":5,"minecraft:yellow_bed":4,"minecraft:grass":323,"minecraft:coal_ore":61,"minecraft:oak_log":76,"minecraft:sand":58,"minecraft:gravel":15,"minecraft:dirt":477,"minecraft:stonecutter":27,"minecraft:gold_ore":2,"minecraft:oak_leaves":22},"minecraft:custom":{"minecraft:interact_with_smithing_table":17,"minecraft:interact_with_anvil":2,"minecraft:mob_kills":121,"minecraft:inspect_hopper":16,"minecraft:interact_with_crafting_table":96,"minecraft:bell_ring":1,"minecraft:leave_game":11,"minecraft:time_since_death":9331,"minecraft:climb_one_cm":1858,"minecraft:sprint_one_cm":1525138,"minecraft:walk_one_cm":1185609,"minecraft:damage_blocked_by_shield":545,"minecraft:drop":93,"minecraft:talked_to_villager":56,"minecraft:raid_win":2,"minecraft:play_time":616697,"minecraft:sneak_time":24522,"minecraft:deaths":18,"minecraft:walk_under_water_one_cm":18807,"minecraft:boat_one_cm":326130,"minecraft:interact_with_brewingstand":1,"minecraft:jump":13331,"minecraft:walk_on_water_one_cm":43510,"minecraft:total_world_time":616697,"minecraft:interact_with_furnace":98,"minecraft:interact_with_cartography_table":1,"minecraft:raid_trigger":1,"minecraft:interact_with_stonecutter":2,"minecraft:interact_with_grindstone":1,"minecraft:sleep_in_bed":39,"minecraft:time_since_rest":9355,"minecraft:damage_taken":10447,"minecraft:damage_dealt":24745,"minecraft:swim_one_cm":34337,"minecraft:fly_one_cm":3279950,"minecraft:open_chest":110,"minecraft:crouch_one_cm":61901,"minecraft:fish_caught":45,"minecraft:fall_one_cm":491951},"minecraft:dropped":{"minecraft:bread":21,"minecraft:wheat_seeds":22,"minecraft:glass_bottle":2,"minecraft:crafting_table":2,"minecraft:feather":4,"minecraft:cobblestone":3,"minecraft:tropical_fish":3,"minecraft:pufferfish":11,"minecraft:diorite":1,"minecraft:cornflower":1,"minecraft:map":1,"minecraft:pumpkin":3,"minecraft:white_banner":1,"minecraft:sand":2,"minecraft:iron_pickaxe":2,"minecraft:paper":10,"minecraft:tripwire_hook":1,"minecraft:spruce_sapling":2,"minecraft:gravel":8,"minecraft:stone_sword":1,"minecraft:raw_copper":3,"minecraft:wheat":18,"minecraft:stone_shovel":2,"minecraft:rotten_flesh":32,"minecraft:oak_planks":2,"minecraft:cooked_mutton":2,"minecraft:salmon":2,"minecraft:carrot":24,"minecraft:filled_map":1,"minecraft:hay_block":10,"minecraft:oak_sapling":10,"minecraft:stone_pickaxe":2},"minecraft:used":{"minecraft:oak_trapdoor":8,"minecraft:iron_shovel":259,"minecraft:stone_sword":134,"minecraft:stone_shovel":1455,"minecraft:oak_sign":3,"minecraft:chest":8,"minecraft:shield":8,"minecraft:iron_sword":176,"minecraft:cooked_salmon":10,"minecraft:cooked_chicken":2,"minecraft:stone_hoe":83,"minecraft:torch":32,"minecraft:iron_chestplate":6,"minecraft:brewing_stand":1,"minecraft:dirt":1814,"minecraft:anvil":1,"minecraft:hopper":21,"minecraft:cobblestone_wall":79,"minecraft:carrot":81,"minecraft:granite":2,"minecraft:oak_fence_gate":2,"minecraft:glass":39,"minecraft:spruce_boat":7,"minecraft:wooden_axe":7,"minecraft:lava_bucket":19,"minecraft:iron_axe":123,"minecraft:iron_helmet":1,"minecraft:iron_boots":2,"minecraft:bow":17,"minecraft:cooked_cod":23,"minecraft:oak_sapling":1,"minecraft:furnace":5,"minecraft:egg":1,"minecraft:potato":2,"minecraft:cooked_beef":12,"minecraft:iron_leggings":4,"minecraft:cooked_mutton":14,"minecraft:wheat_seeds":7,"minecraft:water_bucket":26,"minecraft:diorite":5,"minecraft:baked_potato":11,"minecraft:stone_pickaxe":494,"minecraft:oak_planks":6,"minecraft:wooden_pickaxe":19,"minecraft:composter":7,"minecraft:cobblestone_slab":3,"minecraft:stonecutter":26,"minecraft:red_bed":16,"minecraft:crafting_table":12,"minecraft:crossbow":1,"minecraft:white_bed":1,"minecraft:apple":3,"minecraft:bread":68,"minecraft:iron_pickaxe":658,"minecraft:gravel":4,"minecraft:stone_axe":115,"minecraft:fishing_rod":57,"minecraft:potion":2,"minecraft:cobblestone":1218,"minecraft:cooked_porkchop":3,"minecraft:smithing_table":1,"minecraft:andesite":1,"minecraft:bucket":44,"minecraft:oak_boat":13,"minecraft:yellow_bed":3},"minecraft:broken":{"minecraft:iron_shovel":1,"minecraft:stone_sword":1,"minecraft:stone_pickaxe":4,"minecraft:stone_axe":2,"minecraft:iron_pickaxe":2,"minecraft:iron_helmet":1,"minecraft:stone_shovel":10},"minecraft:crafted":{"minecraft:oak_planks":304,"minecraft:cobblestone_slab":12,"minecraft:stone_shovel":11,"minecraft:oak_sign":6,"minecraft:fishing_rod":1,"minecraft:cooked_chicken":1,"minecraft:furnace":2,"minecraft:bone_meal":21,"minecraft:cooked_mutton":10,"minecraft:oak_trapdoor":6,"minecraft:glass":56,"minecraft:hopper":20,"minecraft:iron_axe":1,"minecraft:stone_pickaxe":4,"minecraft:cobblestone_wall":102,"minecraft:chest":24,"minecraft:stone_hoe":1,"minecraft:wheat":218,"minecraft:cooked_beef":8,"minecraft:red_dye":10,"minecraft:cooked_cod":21,"minecraft:oak_slab":42,"minecraft:cooked_porkchop":3,"minecraft:crafting_table":6,"minecraft:wooden_pickaxe":1,"minecraft:baked_potato":11,"minecraft:iron_sword":1,"minecraft:red_bed":10,"minecraft:cooked_salmon":10,"minecraft:bucket":1,"minecraft:stone_axe":1,"minecraft:bread":78,"minecraft:air":0,"minecraft:oak_fence_gate":2,"minecraft:oak_boat":2,"minecraft:iron_chestplate":1,"minecraft:shield":1,"minecraft:stick":60,"minecraft:iron_ingot":117,"minecraft:iron_pickaxe":3,"minecraft:wooden_axe":1,"minecraft:iron_block":3,"minecraft:stone_sword":1,"minecraft:iron_shovel":2,"minecraft:anvil":1,"minecraft:white_bed":3,"minecraft:composter":6,"minecraft:torch":8,"minecraft:shears":1}},"DataVersion":2975}