{"stats":{"minecraft:custom":{"minecraft:interact_with_furnace":7,"minecraft:mob_kills":15,"minecraft:interact_with_crafting_table":18,"minecraft:bell_ring":12,"minecraft:leave_game":2,"minecraft:time_since_death":49773,"minecraft:sleep_in_bed":4,"minecraft:climb_one_cm":1620,"minecraft:time_since_rest":7900,"minecraft:sprint_one_cm":208133,"minecraft:damage_taken":650,"minecraft:walk_one_cm":244381,"minecraft:drop":1,"minecraft:damage_dealt":1060,"minecraft:talked_to_villager":4,"minecraft:swim_one_cm":22301,"minecraft:fly_one_cm":190691,"minecraft:open_chest":6,"minecraft:crouch_one_cm":2459,"minecraft:play_time":86376,"minecraft:deaths":1,"minecraft:sneak_time":845,"minecraft:walk_under_water_one_cm":6837,"minecraft:jump":998,"minecraft:interact_with_brewingstand":2,"minecraft:walk_on_water_one_cm":3441,"minecraft:total_world_time":86376,"minecraft:fall_one_cm":27822,"minecraft:horse_one_cm":34598},"minecraft:dropped":{"minecraft:wheat_seeds":1},"minecraft:broken":{"minecraft:stone_pickaxe":1,"minecraft:wooden_shovel":1,"minecraft:wooden_axe":1,"minecraft:wooden_pickaxe":1},"minecraft:mined":{"minecraft:spruce_planks":27,"minecraft:white_bed":2,"minecraft:mossy_stone_brick_slab":2,"minecraft:stone_brick_slab":9,"minecraft:powder_snow":4,"minecraft:brewing_stand":2,"minecraft:crafting_table":1,"minecraft:torch":1,"minecraft:grass_block":93,"minecraft:chest":1,"minecraft:stone_slab":2,"minecraft:tall_grass":1,"minecraft:cobblestone":3,"minecraft:spruce_leaves":3,"minecraft:sugar_cane":2,"minecraft:oak_planks":12,"minecraft:wall_torch":3,"minecraft:magma_block":6,"minecraft:iron_ore":5,"minecraft:fire":9,"minecraft:mossy_stone_brick_stairs":2,"minecraft:stone_brick_stairs":9,"minecraft:spruce_log":19,"minecraft:gold_block":1,"minecraft:pumpkin":2,"minecraft:bee_nest":1,"minecraft:grass":29,"minecraft:coal_ore":18,"minecraft:oak_log":42,"minecraft:gravel":18,"minecraft:dirt":5,"minecraft:cracked_stone_bricks":3,"minecraft:stone_bricks":16,"minecraft:stone":123,"minecraft:netherrack":3,"minecraft:mossy_stone_bricks":6,"minecraft:oak_leaves":12},"minecraft:used":{"minecraft:cooked_mutton":2,"minecraft:mossy_stone_bricks":6,"minecraft:iron_shovel":50,"minecraft:spruce_door":3,"minecraft:flint_and_steel":10,"minecraft:rabbit":1,"minecraft:stone_pickaxe":132,"minecraft:oak_planks":122,"minecraft:mossy_stone_brick_stairs":2,"minecraft:chest":2,"minecraft:spruce_planks":72,"minecraft:wooden_pickaxe":59,"minecraft:wooden_shovel":59,"minecraft:sugar_cane":5,"minecraft:mossy_stone_brick_slab":2,"minecraft:cooked_chicken":1,"minecraft:cracked_stone_bricks":3,"minecraft:torch":20,"minecraft:brewing_stand":2,"minecraft:dirt":41,"minecraft:mutton":8,"minecraft:crafting_table":4,"minecraft:white_bed":3,"minecraft:snowball":6,"minecraft:stone_brick_slab":9,"minecraft:wooden_axe":46,"minecraft:apple":6,"minecraft:iron_pickaxe":23,"minecraft:stone_slab":2,"minecraft:gravel":16,"minecraft:spruce_sapling":5,"minecraft:stone_brick_stairs":9,"minecraft:stone_bricks":16,"minecraft:stone_axe":90,"minecraft:cobblestone":110,"minecraft:oak_sapling":7,"minecraft:furnace":2,"minecraft:porkchop":4,"minecraft:pumpkin":2},"minecraft:killed_by":{"minecraft:skeleton":1},"minecraft:picked_up":{"minecraft:wooden_axe":1,"minecraft:magma_block":6,"minecraft:crafting_table":1,"minecraft:feather":3,"minecraft:chicken":2,"minecraft:stone_slab":2,"minecraft:gold_block":1,"minecraft:flint":4,"minecraft:stone_brick_stairs":9,"minecraft:oak_log":48,"minecraft:brewing_stand":2,"minecraft:dirt":113,"minecraft:cooked_mutton":2,"minecraft:bone":2,"minecraft:stone_bricks":16,"minecraft:apple":1,"minecraft:cracked_stone_bricks":3,"minecraft:wheat_seeds":4,"minecraft:spruce_planks":30,"minecraft:stone_pickaxe":1,"minecraft:cooked_chicken":1,"minecraft:mossy_stone_bricks":6,"minecraft:wooden_shovel":1,"minecraft:rabbit":2,"minecraft:chest":1,"minecraft:sugar_cane":5,"minecraft:oak_planks":12,"minecraft:mossy_stone_brick_stairs":2,"minecraft:stick":11,"minecraft:raw_iron":10,"minecraft:pumpkin":2,"minecraft:stone_brick_slab":9,"minecraft:torch":17,"minecraft:gravel":29,"minecraft:porkchop":7,"minecraft:mossy_stone_brick_slab":2,"minecraft:spruce_sapling":5,"minecraft:ink_sac":2,"minecraft:white_bed":2,"minecraft:spruce_log":31,"minecraft:spruce_door":2,"minecraft:arrow":1,"minecraft:stone_axe":1,"minecraft:oak_sapling":9,"minecraft:netherrack":3,"minecraft:mutton":11,"minecraft:coal":32,"minecraft:snowball":6,"minecraft:white_wool":12,"minecraft:cobblestone":199},"minecraft:crafted":{"minecraft:oak_planks":148,"minecraft:wooden_shovel":1,"minecraft:crafting_table":3,"minecraft:spruce_planks":76,"minecraft:wooden_pickaxe":1,"minecraft:spruce_door":3,"minecraft:furnace":2,"minecraft:stone_axe":1,"minecraft:shield":1,"minecraft:stick":20,"minecraft:iron_ingot":5,"minecraft:iron_pickaxe":1,"minecraft:stone_pickaxe":1,"minecraft:wooden_axe":1,"minecraft:chest":1,"minecraft:iron_shovel":1,"minecraft:gold_ingot":9,"minecraft:white_bed":1,"minecraft:torch":16},"minecraft:killed":{"minecraft:wolf":2,"minecraft:pig":2,"minecraft:rabbit":1,"minecraft:squid":1,"minecraft:skeleton":1,"minecraft:sheep":7,"minecraft:chicken":1}},"DataVersion":2975}